{
  "project_info": {
    "project_number": "742659002813",
    "firebase_url": "https://bookreading-651e4.firebaseio.com",
    "project_id": "bookreading-651e4",
    "storage_bucket": "bookreading-651e4.appspot.com"
  },
  "client": [
    {
      "client_info": {
        "mobilesdk_app_id": "1:742659002813:android:2de3bf32ae882be7a282d4",
        "android_client_info": {
          "package_name": "toptutorial.bookreadingapp"
        }
      },
      "oauth_client": [
        {
          "client_id": "742659002813-9vq3u4ejljma8lj44mvnrienesgcaovo.apps.googleusercontent.com",
          "client_type": 3
        }
      ],
      "api_key": [
        {
          "current_key": "AIzaSyBe6F7TsGbgsmqu5HNoo4iTC4Jq6wihp34"
        }
      ],
      "services": {
        "appinvite_service": {
          "other_platform_oauth_client": [
            {
              "client_id": "742659002813-9vq3u4ejljma8lj44mvnrienesgcaovo.apps.googleusercontent.com",
              "client_type": 3
            }
          ]
        }
      }
    }
  ],
  "configuration_version": "1"
}